event_id,date,year,country,region,latitude,longitude,violence_score
24328612817,12/1/2011,2011,American Samoa,Oceania,-14.27806,-170.7025,2
24359251958,10/12/2011,2011,French Polynesia,Oceania,-17.536,-149.582,1
24349703891,8/1/2011,2011,Guam,Oceania,13.46,144.665,1
24327648295,11/10/2011,2011,Guam,Oceania,13.47567,144.74886,1
24359264846,10/13/2011,2011,High Seas,Oceania,-14.473,178.018,1
24329614965,3/8/2011,2011,Marshall Islands,Oceania,7.113,171.252,1
24330282961,3/29/2011,2011,Palau,Oceania,7.627,134.413,2
24352047096,12/8/2011,2011,Palau,Oceania,7.166,133.776,2
24349216324,3/3/2011,2011,Papua New Guinea,Oceania,-5.356,154.751,1
24357197880,3/18/2011,2011,Papua New Guinea,Oceania,-10.518,147.461,2
24349221928,7/29/2011,2011,Papua New Guinea,Oceania,-9.423,141.567,2
24349224106,10/14/2011,2011,Papua New Guinea,Oceania,-9.535,147.265,2
24337752663,9/15/2011,2011,Solomon Islands,Oceania,-8.916,159.641,1
24325376715,5/16/2011,2011,Tonga,Oceania,-20.874,-175.018,1
24415882772,7/2/2012,2012,Christmas Island,South Asia,-10.416,105.655,2
24407877752,3/6/2012,2012,Guam,Oceania,13.48,144.749,2
24407880198,4/1/2012,2012,Palau,Oceania,7.032,134.211,3
24406699133,5/8/2012,2012,Papua New Guinea,Oceania,-10.133,148.418,2
24406703576,6/26/2012,2012,Papua New Guinea,Oceania,-9.479,147.146,2
24406690044,11/20/2012,2012,Fiji,Oceania,-17.172,178.613,1
24379537054,2/24/2012,2012,Marshall Islands,Oceania,7.107,169.699,2
24494273394,11/20/2012,2012,Vanuatu,Oceania,-15.729,167.642,1
24494195950,6/11/2013,2013,American Samoa,Oceania,-14.549,-168.155,1
24494203056,6/26/2013,2013,Fiji,Oceania,-18.047,178.56,1
24494241420,3/8/2013,2013,Kiribati,Oceania,2.157,-157.916,1
24443046689,2/5/2013,2013,Marshall Islands,Oceania,7.11,171.284,2
24494175942,5/7/2013,2013,Micronesia,Oceania,8.057,137.062,2
24494258479,2/18/2013,2013,Marshall Islands,Oceania,7.107,169.699,2
24494100151,11/7/2013,2013,New Caledonia,Oceania,-20.595,165.856,2
24494230254,2/21/2013,2013,Papua New Guinea,Oceania,-10.343,151.094,1
24494241400,3/8/2013,2013,Papua New Guinea,Oceania,-6.895,156.03,1
24456267752,3/26/2013,2013,Papua New Guinea,Oceania,-10.352,150.608,1
24494153353,8/29/2013,2013,Papua New Guinea,Oceania,-3.433,151.934,1
24456304029,11/13/2013,2013,Papua New Guinea,Oceania,-8.567,150.694,2
24494244508,3/15/2013,2013,Marshall Islands,Oceania,7.107,169.699,2
24494106511,11/15/2013,2013,Nauru,Oceania,-0.648,166.974,2
23579158719,6/15/2015,2013,Papua New Guinea,Oceania,-7.988,153.192,2
24456266424,4/3/2013,2013,Solomon Islands,Oceania,-8.604,159.198,1
24494203209,6/17/2013,2013,Vanuatu,Oceania,-15.729,167.642,1
24562613108,2/6/2014,2014,Papua New Guinea,Oceania,-9.341,141.104,3
24512346679,5/2/2014,2014,Fiji,Oceania,-16.824,179.277,1
24528394742,8/5/2014,2014,Guam,Oceania,13.799,145,2
24505229678,5/9/2014,2014,Kiribati,Oceania,-3.847,-171.23,1
24559761523,3/18/2014,2014,Micronesia,Oceania,6.45,158.063,2
24509399369,12/18/2014,2014,Northern Mariana Islands,Oceania,15.162,145.756,2
24502608458,8/17/2014,2014,Papua New Guinea,Oceania,-10.785,151.804,2
24546679484,10/28/2014,2014,Papua New Guinea,Oceania,-9.087,143.175,2
24516967521,11/28/2014,2014,Papua New Guinea,Oceania,-9.455,147.044,1
24505231409,10/14/2014,2014,Vanuatu,Oceania,-17.635,168.203,1
24531275554,2/20/2014,2014,Palau,Oceania,7.338,134.272,1
24609256889,6/16/2014,2014,Papua New Guinea,Oceania,-7.988,153.192,1
24609262920,2/16/2015,2015,Marshall Islands,Oceania,7.107,169.699,2
23568320062,11/29/2015,2015,Micronesia,Oceania,6.45,158.063,2
24609255258,7/10/2015,2015,Papua New Guinea,Oceania,-2.191,145.136,2
24609216211,7/30/2015,2015,American Samoa,Oceania,-14.228,-170.474,1
24609227323,9/1/2015,2015,American Samoa,Oceania,-14.301,-170.667,2
24609227323,9/1/2015,2015,American Samoa,Oceania,-14.301,-170.653,1
24609282964,1/14/2015,2015,Christmas Island,South Asia,-10.483,105.663,2
24609276439,4/20/2015,2015,Cook Islands,Oceania,-21.205,-159.785,1
24626684069,11/23/2015,2015,Cook Islands,Oceania,-21.205,-159.785,1
24596918307,9/10/2015,2015,High Seas,Oceania,0.383,145.886,2
24608116716,7/14/2015,2015,Multiple,Oceania,-15.22,171.335,1
23908200979,12/28/2015,2015,Multiple,Oceania,2.48,153.465,1
24570510961,6/12/2015,2015,Palau,Oceania,8.068,134.704,2
24628296912,9/16/2015,2015,Nauru,Oceania,-0.648,166.974,1
24623214747,10/27/2015,2015,Palau,Oceania,7.338,134.272,1
24597051106,7/28/2015,2015,Papua New Guinea,Oceania,-7.988,153.192,3
24633040921,9/10/2015,2015,Papua New Guinea,Oceania,-7.988,153.192,2
23738191039,8/14/2015,2015,Papua New Guinea,Oceania,-7.988,153.192,2
24626709219,9/25/2015,2015,Papua New Guinea,Oceania,-7.988,153.192,1
24609256889,2/4/2015,2015,Solomon Islands,Oceania,-8.604,159.198,1
24609260060,2/10/2015,2015,Tuvalu,Oceania,-8.859,179.508,1
24609244089,6/12/2015,2015,Tuvalu,Oceania,-8.859,179.508,1
28769161608,11/29/2016,2016,Cook Islands,Oceania,-21.284,-159.781,1
28836996176,12/4/2016,2016,Cook Islands,Oceania,-21.284,-159.781,2
26597037939,5/20/2016,2016,Micronesia,Oceania,6.45,158.063,3
26168986687,4/12/2016,2016,Cook Islands,Oceania,-21.205,-159.785,1
26889054652,6/13/2016,2016,High Seas,Oceania,-3.285,169.465,1
28669337460,11/19/2016,2016,Kiribati,Oceania,2.515,-158.302,1
26850148559,6/9/2016,2016,Marshall Islands,Oceania,8.884,167.674,1
27217033396,7/11/2016,2016,Micronesia,Oceania,8.245,151.271,2
25354691434,2/3/2016,2016,Multiple,Oceania,-6.508,178.811,1
27413178357,7/27/2016,2016,Northern Mariana Islands,Oceania,18.147,145.657,1
25524934535,2/19/2016,2016,Palau,Oceania,2.001,131.405,2
26415933030,5/4/2016,2016,Palau,Oceania,2.867,131.808,2
28780893259,11/30/2016,2016,Palau,Oceania,3.546,131.627,2
25814485696,2/26/2016,2016,Papua New Guinea,Oceania,-9.519,147.061,1
26146715460,3/30/2016,2016,Papua New Guinea,Oceania,-7.511,152.122,1
27004674635,5/26/2016,2016,Papua New Guinea,Oceania,-7.703,144.291,2
28341529700,10/19/2016,2016,Papua New Guinea,Oceania,-10.616,151.247,2
30686385889,12/22/2016,2016,Papua New Guinea,Oceania,-9.285,153.662,2
27079821133,4/1/2016,2016,Solomon Islands,Oceania,-8.236,157.197,2
28464799114,10/31/2016,2016,Solomon Islands,Oceania,-9.182,160.205,1
32019668569,9/30/2017,2017,Kiribati,Oceania,1.739,-157.363,1
31890988966,8/30/2017,2017,American Samoa,Oceania,-14.367,-169.936,2
40302819174,6/15/2017,2017,Cook Islands,Oceania,-21.254,-159.779,1
31559879174,8/18/2017,2017,Guam,Oceania,13.473,144.697,2
31750260913,9/6/2017,2017,Guam,Oceania,13.48,144.746,1
30981286666,6/22/2017,2017,High Seas,Oceania,-28.525,177.122,2
29482120115,2/5/2017,2017,Marshall Islands,Oceania,7.089,171.362,2
32654070484,11/30/2017,2017,Niue,Oceania,11.551,162.348,1
30500946638,5/8/2017,2017,Palau,Oceania,6.175,133.24,1
30040919511,3/27/2017,2017,Solomon Islands,Oceania,-12.663,160.371,2
34536045000,7/13/2018,2018,Guam,Oceania,13.48,144.75,2
34565581399,7/17/2018,2018,Guam,Oceania,13.48,144.75,1
34632174990,7/25/2018,2018,Guam,Oceania,13.473,144.697,2
34813449480,8/14/2018,2018,New Caledonia,Oceania,-23.359,164.236,1
39297429986,5/23/2019,2019,Northern Mariana Islands,Oceania,15.838,145.841,2
38764819746,3/14/2019,2019,American Samoa,Oceania,-14.516,-168.21,1
39012298686,4/15/2019,2019,American Samoa,Oceania,-14.271,-170.687,2
40440216942,10/16/2019,2019,Cook Islands,Oceania,-20.601,-158.253,2
39244161806,5/17/2019,2019,Fiji,Oceania,-17.8,177.133,1
52504938904,2/9/2019,2019,Guam,Oceania,13.584,144.822,1
52505181105,2/26/2019,2019,Guam,Oceania,13.995,145.1,1
52505183664,4/19/2019,2019,Guam,Oceania,13.473,144.695,2
40762339910,11/24/2019,2019,Guam,Oceania,13.249,144.662,1
38144430577,1/2/2019,2019,Marshall Islands,Oceania,11.161,169.598,1
40328538526,10/2/2019,2019,Papua New Guinea,Oceania,-5.214,145.8,1
38699559964,3/6/2019,2019,Solomon Islands,Oceania,-11.684,160.273,1
53225464993,3/1/2024,2019,Papua New Guinea,Oceania,-3.792,152.622,1
42127408570,5/16/2020,2020,Nauru,Oceania,-0.648,166.974,3
42917585816,8/25/2020,2020,Papua New Guinea,Oceania,-2.585,150.789,3
43584851516,11/17/2020,2020,American Samoa,Oceania,-14.044,-170.298,1
42095222147,5/12/2020,2020,High Seas,Oceania,-12.425,-173.69,3
41562853708,3/7/2020,2020,Multiple,Oceania,-11.275,172.145,1
43793239656,12/15/2020,2020,Palau,Oceania,2.875,131.776,2
43770600625,12/10/2020,2020,Papua New Guinea,Oceania,-9.081,143.208,1
42887148389,8/21/2020,2020,Vanuatu,Oceania,-14.444,171.021,3
45244203573,6/25/2021,2021,Micronesia,Oceania,6.45,158.063,2
46365704567,11/18/2021,2021,American Samoa,Oceania,-14.844,-169.925,2
49307268926,8/4/2021,2021,Fiji,Oceania,-15.648,174.089,1
44091206857,1/25/2021,2021,Vanuatu,Oceania,-12.57,166.955,2
47881393326,6/1/2022,2022,Niue,Oceania,-19.069,-169.831,1
48573074450,8/25/2022,2022,Papua New Guinea,Oceania,-9.322,141.11,3
48617254405,8/29/2022,2022,Solomon Islands,Oceania,-8.604,159.198,1
49793438343,12/16/2022,2022,American Samoa,Oceania,-14.153,-170.668,1
47304546473,3/19/2022,2022,Guam,Oceania,13.784,144.91,2
49792916505,12/19/2022,2022,Guam,Oceania,13.473,144.697,2
48874657543,3/1/2022,2022,Multiple,Oceania,-9.32,-138.705,1
47327449690,3/22/2022,2022,Northern Mariana Islands,Oceania,15.058,145.707,1
47572267385,4/22/2022,2022,Palau,Oceania,4.509,133.977,1
48582003719,8/26/2022,2022,Solomon Islands,Oceania,-9.434,159.956,1
51742944165,9/7/2023,2023,Multiple,Oceania,-11.43,171.335,1
51601348845,8/21/2023,2023,Papua New Guinea,Oceania,-7.988,153.192,2
50878704363,5/24/2023,2023,American Samoa,Oceania,-14.276,-170.682,1
51138301717,6/23/2023,2023,American Samoa,Oceania,-14.268,-170.614,1
50172992492,3/6/2023,2023,Fiji,Oceania,-18.119,178.528,1
51894431050,9/25/2023,2023,Guam,Oceania,13.654,144.861,1
50085388486,2/23/2023,2023,Multiple,Oceania,-13.58,-168.036,1
51776631119,9/11/2023,2023,New Caledonia,Oceania,-22.531,166.49,2
51490023406,8/7/2023,2023,Palau,Oceania,6.904,134.129,1
51640191563,8/24/2023,2023,Samoa,Oceania,-13.828,-171.761,2
52223449994,10/31/2023,2023,Samoa,Oceania,-14.291,-170.678,2
54501479045,8/6/2024,2024,American Samoa,Oceania,-14.357,-170.738,1
54214315906,7/4/2024,2024,French Polynesia,Oceania,-17.795,-149.123,1
55022943292,10/11/2024,2024,Samoa,Oceania,-14.084,-172.243,1
"alaska1536, alaska1549",6/12/2000,2000,USA,Arctic,58.423992,-135.972736,1
"alaska9239, arctic15738, alaska12045",10/26/2000,2000,USA,Arctic,57.792554,-152.368966,2
arctic6289,9/5/2000,2000,USA,Arctic,61.657229,-177.157513,2
arctic6385,10/12/2000,2000,USA,Arctic,63.127598,-173.711853,2
"alaska1535, alaska9188",8/1/2000,2000,USA,Arctic,62.338357,-175.525358,2
arctic6289,9/13/2000,2000,USA,Arctic,62.278844,-176.041503,2
"arctic13470, arctic13479, arctic6289, arctic29524",9/23/2000,2000,USA,Arctic,62.05679,-176.447576,2
"alaska1535, alaska9189, arctic6334",5/15/2000,2000,USA,Arctic,49.379279,-174.971237,2
"alaska1528, alaska9175, arctic6342, arctic15738, alaska9239, alaska12045",7/15/2000,2000,USA,Arctic,60.517853,-145.880645,1
arctic13534,9/22/2000,2000,USA,Arctic,61.310923,-176.704137,2
arctic29594,8/26/2001,2001,Russia,Arctic,62.254047,-176.06941,2
arctic21796,4/24/2001,2001,Russia,Arctic,55.74001,37.6353,2
alaska3473,11/11/2001,2001,USA,Arctic,60.194276,-178.140363,2
arctic21425,7/25/2001,2001,USA,Arctic,62.868272,-174.952297,2
arctic21796,4/22/2001,2001,Norway,Arctic,78.293854,27.211685,2
arctic34243,6/15/2002,2002,Norway,Arctic,79.317472,8.876584,2
alaska3464,3/16/2002,2002,USA,Arctic,55.752547,-168.596589,1
alaska6711,6/15/2002,2002,USA,Arctic,53.567594,-179.232381,1
alaska6726,5/21/2002,2002,USA,Arctic,57.233498,-160.005,1
arctic32845,1/15/2002,2002,USA,Arctic,59.603487,-151.539121,2
arctic31078,12/15/2002,2002,Norway,Arctic,71.05306,20.101665,1
alaska6879,9/15/2002,2003,USA,Arctic,54.127138,-165.768382,1
arctic31078,3/10/2003,2003,Norway,Arctic,68.471786,13.807261,2
"arctic32034, arctic32010, arctic32058",1/22/2003,2003,Russia,Arctic,62.148046,-177.617794,2
"arctic32010, arctic32058",1/24/2003,2003,Russia,Arctic,63.1045,-175.927478,2
alaska2718,11/30/2004,2004,USA,Arctic,51.817879,-176.553082,1
alaska3350,2/15/2004,2004,USA,Arctic,54.79897,-163.337626,1
"arctic6809, arctic6861, arctic6865, arctic6879, arctic6844, alaska12316, alaska12364",12/27/2004,2004,USA,Arctic,53.624524,-167.157424,1
alaska2722,9/22/2004,2004,USA,Arctic,52.627279,176.578843,1
"arctic7215, arctic7256, arctic7188, arctic13400",9/28/2004,2004,Canada,Arctic,66.950538,-60.612283,1
"alaska2762, alaska6735",12/5/2004,2004,USA,Arctic,58.222895,-136.804579,1
arctic15648,8/13/2004,2004,Norway,Arctic,78.184226,28.589228,1
arctic5650,5/25/2004,2004,Greenland,Arctic,77.383198,-69.234841,1
alaska6812,2/10/2005,2005,USA,Arctic,52.064981,-175.482584,1
alaska3984,12/1/2005,2005,USA,Arctic,61.173507,-149.911229,1
alaska6823,1/22/2005,2005,USA,Arctic,56.719222,-172.771865,2
arctic24176,11/15/2005,2005,Norway,Arctic,80.726171,25.575737,2
arctic24176,11/25/2005,2005,Norway,Arctic,78.276815,25.678818,1
"arctic19854, arctic19847, alaska6783, alaska6770, alaska6780",1/13/2005,2005,USA,Arctic,52.904939,-178.767346,1
alaska6804,3/14/2005,2005,USA,Arctic,56.588207,-163.551033,1
"arctic21344, arctic21332, arctic21404, arctic21358, arctic21401",10/25/2005,2005,Norway,Arctic,79.514453,30.896917,2
arctic29167,12/5/2005,2005,Russia,Arctic,71.844754,26.493361,1
"arctic21344, arctic21332, arctic21402, arctic21387, arctic21404, arctic21358, arctic21401, arctic21414, arctic21419",10/15/2005,2005,Norway,Arctic,76.811075,18.772379,2
"arctic23431, arctic23404, arctic23375",11/1/2006,2006,Greenland,Arctic,72.748729,-20.234283,1
"alaska5657, alaska5668",6/28/2006,2006,USA,Arctic,52.871724,178.794645,1
arctic7923,11/27/2007,2007,Russia,Arctic,66.466913,43.787189,1
alaska4402,8/15/2008,2008,USA,Arctic,53.447819,-170.297037,1
arctic3227,3/28/2008,2008,Norway,Arctic,79.700772,30.989534,2
alaska9268,10/3/2008,2008,USA,Arctic,52.466331,179.914209,1
alaska8291,1/18/2008,2008,USA,Arctic,54.392248,-174.419802,1
alaska4382,9/1/2008,2008,USA,Arctic,52.680516,-173.44779,1
alaska8249,2/4/2008,2008,USA,Arctic,53.381954,-176.646593,1
arctic388,6/16/2008,2008,USA,Arctic,58.288261,-135.781859,1
alaska500009,5/21/2008,2008,USA,Arctic,57.741736,-161.108211,1
alaska9259,10/20/2008,2008,USA,Arctic,53.430065,173.908062,1
arctic341,7/21/2007,2008,USA,Arctic,55.413484,-131.903469,1
arctic8014,4/10/2008,2008,Norway,Arctic,75.488637,21.19655,1
"alaska500004, arctic18417",7/1/2009,2009,USA,Arctic,56.812,-163.265788,1
alaska500007,5/28/2009,2009,USA,Arctic,52.761888,-179.877115,1
"arctic24336, arctic24283, arctic24379, arctic15515",2/6/2009,2009,USA,Arctic,66.312307,-168.000112,1
"alaska3198, alaska3173, alaska3224, arctic38944, arctic38974, arctic30310",9/3/2009,2009,Canada,Arctic,69.729143,-140.997679,1
arctic26475,6/10/2009,2009,USA,Arctic,58.900335,-164.654244,1
arctic18411,6/26/2009,2009,USA,Arctic,61.8818,-162.092227,2
arctic29247,2/16/2009,2009,Russia,Arctic,54.772019,174.682211,2
"alaska7816, arctic27507",4/7/2009,2009,USA,Arctic,56.239475,-161.187011,1
alaska500008,8/27/2009,2009,USA,Arctic,54.968707,176.970659,1
arctic37660,11/10/2009,2009,USA,Arctic,52.69866,174.300703,1
arctic30567,1/17/2009,2009,Norway,Arctic,67.884925,12.442287,1
arctic30310,12/15/2009,2009,USA,Arctic,71.725294,-145.85062,1
"arctic17438, arctic17453, arctic17496, arctic17522, arctic25237, arctic25227, arctic25223, arctic25203, arctic17363, arctic4446, arctic4409",5/5/2009,2009,Canada,Arctic,65.457645,-61.359278,1
alaska9136,6/28/2010,2010,USA,Arctic,54.174326,-163.793131,1
alaska6151,3/23/2010,2010,USA,Arctic,52.949867,178.825908,1
"alaska1123, alaska1152, alaska1177, alaska1112, alaska7610, alaska9644, alaska7631, alaska7626",12/14/2010,2010,USA,Arctic,53.254786,175.053133,1
"alaska1171, alaska7610, alaska9644, alaska7631, alaska7626",1/1/2011,2010,USA,Arctic,52.677522,174.114465,1
arctic34044,12/15/2010,2010,USA,Arctic,58.357046,-149.915055,1
"arctic39560, arctic39522, arctic34891, arctic34968, arctic34946, arctic34952, arctic34889, ",2/15/2010,2010,Canada,Arctic,62.170674,-64.993305,1
"alaska1101, alaska1106, alaska1114, alaska1157, alaska1160, alaska1178",11/10/2020,2010,USA,Arctic,53.610233,-174.604277,1
"arctic27042, arctic27008, arctic37937",5/28/2011,2011,Greenland,Arctic,60.797569,-55.459915,2
"arctic27042, arctic27008, arctic37937",6/4/2011,2011,Greenland,Arctic,60.988346,-55.887757,2
arctic38668,9/1/2011,2011,USA,Arctic,57.901761,-168.091228,1
arctic38146,9/24/2011,2011,USA,Arctic,58.492956,-168.924235,1
arctic38164,9/24/2011,2011,USA,Arctic,4.76691,177.300387,1
arctic38200,9/24/2011,2011,USA,Arctic,53.132515,177.413638,1
alaska500003,9/28/2011,2011,USA,Arctic,54.184432,-165.74458,1
alaska5243,10/20/2011,2011,USA,Arctic,56.368556,-173.676053,1
arctic34044,9/15/2011,2011,USA,Arctic,51.063526,-177.348757,1
arctic34044,9/16/2011,2011,USA,Arctic,54.384309,176.75152,1
"alaska3954, alaska7610, alaska9644, alaska7631, alaska7626",1/9/2011,2011,USA,Arctic,53.304519,172.495972,1
alaska8092,4/30/2012,2012,USA,Arctic,52.616182,177.008819,1
arctic34418,3/2/2012,2012,USA,Arctic,73.422457,-156.92522,1
arctic38565,10/15/2012,2012,Greenland,Arctic,66.285629,-31.193811,1
"arctic13211, alaska7526, arctic1546",6/15/2012,2012,USA,Arctic,60.95292,-161.106468,1
"arctic13211, alaska7526, arctic1546",6/21/2012,2012,USA,Arctic,61.163602,-160.888784,1
arctic40310,3/1/2012,2012,Canada,Arctic,61.876171,-64.347559,1
alaska266,8/21/2013,2013,USA,Arctic,56.847662,-177.735167,1
alaska7592,5/15/2013,2013,USA,Arctic,58.655254,-170.406698,1
alaska7638,7/15/2013,2013,USA,Arctic,54.630299,-166.230259,1
alaska1456,7/1/2013,2013,USA,Arctic,58.718127,-158.871018,1
"arctic14395, arctic4490",9/18/2013,2013,Russia,Arctic,69.814598,54.003541,2
"arctic13211, alaska7526",1/25/2013,2013,USA,Arctic,60.768463,-161.767838,1
arctic11007,5/28/2014,2014,Norway,Arctic,75.866645,20.274191,2
alaska7778,8/23/2014,2014,USA,Arctic,54.993575,-179.941587,1
alaska316,5/18/2014,2014,USA,Arctic,55.211807,178.264393,1
alaska343,5/27/2014,2014,USA,Arctic,61.568937,-159.694636,1
"arctic10866, arctic10885",9/18/2014,2014,Russia,Arctic,70.365829,34.55656,2
"arctic37943, arctic37949, arctic38017",1/13/2014,2014,Norway,Arctic,70.153933,17.199431,2
alaska500001,1/28/2015,2015,USA,Arctic,52.974109,-168.539225,1
alaska703,12/1/2015,2015,USA,Arctic,54.584659,-179.311181,1
alaska500002,1/27/2015,2015,USA,Arctic,52.379482,-175.745273,1
arctic36581,6/16/2015,2015,USA,Arctic,61.095082,-160.994839,1
arctic25338,3/2/2015,2015,USA,Arctic,47.614376,-122.364412,1
arctic25588,5/12/2015,2015,USA,Arctic,47.584893,-122.350713,2
arctic16170,5/20/2015,2015,USA,Arctic,47.585472,-122.36067,2
"arctic16170, arctic36564",5/20/2015,2015,USA,Arctic,71.417586,-163.399772,1
alaska2287,5/21/2015,2015,USA,Arctic,60.942899,-161.115569,1
arctic29807,7/16/2015,2015,Norway,Arctic,84.791805,-63.006464,1
alaska8196,7/1/2015,2015,Russia,Arctic,60.985519,174.984727,1
alaska4767,9/2/2017,2015,USA,Arctic,68.888409,-166.231997,2
arctic38247,5/18/2016,2016,USA,Arctic,60.511811,-165.150626,1
alaska1763,2/3/2016,2016,USA,Arctic,57.361221,-164.890646,1
alaska6629,10/6/2017,2017,USA,Arctic,52.010916,175.20101,1
arctic11533,7/17/2017,2017,Iceland,Arctic,66.734435,-17.160153,1
"arctic9062, arctic170",1/24/2017,2017,Norway,Arctic,78.728773,29.080498,2
"arctic170, arctic173, arctic5697, arctic14653, arctic14746, arctic14762, arctic14744, arctic20485",7/9/2017,2017,Norway,Arctic,79.101307,22.426649,1
alaska12259,2/11/2018,2018,USA,Arctic,51.794001,-174.340006,1
alaska8884,9/27/2018,2018,USA,Arctic,54.685575,-165.375163,1
alaska8939,9/13/2018,2018,USA,Arctic,55.975825,178.876402,1
alaska4186,11/5/2018,2018,USA,Arctic,55.128962,-170.091495,1
alaska4342,8/17/2018,2018,USA,Arctic,54.103738,178.879412,1
arctic7182,4/3/2018,2018,Canada,Arctic,63.956022,-64.171777,1
alaska500011,11/19/2019,2019,USA,Arctic,53.707754,-169.933893,1
alaska500010,11/19/2019,2019,USA,Arctic,53.593506,175.203776,1
alaska10718,7/13/2020,2020,USA,Arctic,52.387999,173.443198,1
alaska10715,7/28/2020,2020,USA,Arctic,56.908097,-171.175944,1
alaska5767,7/8/2020,2020,USA,Arctic,59.784261,-176.947159,1
alaska6045,5/4/2020,2020,USA,Arctic,54.497605,-178.214162,1
alaska4513,11/20/2020,2020,USA,Arctic,53.580533,-173.127966,1
alaska4466,11/23/2020,2020,USA,Arctic,54.171598,-168.200277,1
alaska5845,7/1/2020,2020,USA,Arctic,56.858045,-175.470013,1
alaska10722,7/28/2020,2020,USA,Arctic,53.392494,173.509576,1
alaska9526,10/1/2020,2020,USA,Arctic,52.989034,178.922793,1
alaska9536,10/1/2020,2020,USA,Arctic,52.377758,-179.300232,1
"arctic23948, arctic23965",2/4/2020,2020,Norway,Arctic,79.167419,27.436876,1
"arctic10091, arctic10094, arctic246",4/2/2020,2020,Norway,Arctic,80.952835,17.616832,2
"arctic10091, arctic10094, arctic246",4/17/2020,2020,Russia,Arctic,55.753489,37.596685,1
arctic37147,6/23/2021,2021,USA,Arctic,59.974891,-151.376466,1
alaska500006,10/25/2021,2021,USA,Arctic,57.107511,-170.130203,1
alaska5290,11/16/2021,2021,USA,Arctic,57.699653,-171.194705,1
alaska5264,11/23/2021,2021,USA,Arctic,55.576954,-168.357879,1
alaska5266,11/23/2021,2021,USA,Arctic,52.819844,-179.688915,1
arctic37147,6/23/2021,2021,USA,Arctic,59.069236,-151.186064,1
arctic22678,7/20/2021,2021,USA,Arctic,59.660694,-149.382188,1
alaska9957,7/30/2021,2021,USA,Arctic,54.054448,175.714793,1
alaska500005,9/11/2021,2021,USA,Arctic,53.945203,-166.464509,1
"arctic32266, alaska9843",10/18/2022,2022,USA,Arctic,56.671516,-177.845779,1
arctic38061,6/8/2022,2022,USA,Arctic,60.54525,-151.251658,1
alaska9843,6/15/2023,2022,Russia,Arctic,70.453191,42.097055,1
arctic30032,1/7/2022,2022,Norway,Arctic,80.061055,9.550366,2
arctic36481,3/3/2022,2022,Russia,Arctic,84.468061,32.918154,1
alaska8452,8/12/2023,2023,USA,Arctic,52.194868,-171.23841,1
alaska179,10/26/2023,2023,USA,Arctic,54.742445,-168.151825,1
alaska7367,9/28/2023,2023,USA,Arctic,52.112761,-179.3779,1
e1001,8/15/2016,2016,Tanzania,Horn of Africa,-3.641298,37.447696,1
e1002,7/1/2016,2016,Tanzania,Horn of Africa,-3.8,37.46667,1
e1003,2/13/2012,2012,Tanzania,Horn of Africa,-3.8,37.46667,1
e1004,7/1/2005,2005,Tanzania,Horn of Africa,-5.058322,39.108005,2
e1005,8/15/2008,2008,Tanzania,Horn of Africa,-3.727413668,37.63388483,3
e1006,8/1/2003,2003,Tanzania,Horn of Africa,-7.136507,35.98722,2
e1007,10/4/2016,2016,Tanzania,Horn of Africa,-4.96667,34.53333,2
e1012,9/24/2016,2016,Tanzania,Horn of Africa,-6.05,39.31667,2
e1013,9/1/2016,2016,Tanzania,Horn of Africa,-3.30085692,31.89898805,2
e1015,12/21/2014,2014,Tanzania,Horn of Africa,-2.506154,32.007492,1
e1016,11/11/2009,2009,Tanzania,Horn of Africa,-2.502834,32.522055,3
e1017,9/30/2001,2001,Tanzania,Horn of Africa,-11.517774,34.886492,1
e1018,1/1/1999,1999,Tanzania,Horn of Africa,-7.775573,39.35147,1
e1020,10/1/2012,2012,Tanzania,Horn of Africa,-11.517774,34.886492,3
e1023,10/1/2012,2012,Tanzania,Horn of Africa,-11.517774,34.886492,2
e1024,7/1/2017,2017,Tanzania,Horn of Africa,-4.804201,34.732071,1
e1025,6/1/2012,2012,Kenya,Horn of Africa,-3.599172,37.766009,1
e1026,4/15/2016,2016,Tanzania,Horn of Africa,-3.44423,35.318364,1
e1027,4/11/2011,2011,Tanzania,Horn of Africa,-4.429992,29.791667,3
e1028,1/1/2013,2013,Tanzania,Horn of Africa,-4.5,35.25,1
e1029,1/9/2013,2013,Tanzania,Horn of Africa,-4.5,35.25,1
e1030,3/31/2014,2014,Tanzania,Horn of Africa,-4.25,35.73333,1
e1031,7/1/2010,2010,Tanzania,Horn of Africa,-4.226129,35.737199,2
e1032,5/1/2012,2012,Tanzania,Horn of Africa,-3.850274,35.837585,2
e1033,11/28/2012,2012,Tanzania,Horn of Africa,-5.499462,39.063684,3
e1034,10/1/2011,2011,Tanzania,Horn of Africa,-6.7832,39.26767,1
e1036,12/1/2008,2008,Tanzania,Horn of Africa,-8.025445,39.691951,3
e1037,12/1/2009,2009,Tanzania,Horn of Africa,-7.972933,39.780853,2
e1038,12/1/2008,2008,Tanzania,Horn of Africa,-7.85378,39.7804,3
e1039,2/1/2010,2010,Tanzania,Horn of Africa,-7.85378,39.7804,2
e1040,6/1/2011,2011,Tanzania,Horn of Africa,-7.97648,39.76692,2
e1041,8/1/2010,2010,Tanzania,Horn of Africa,-7.989813,39.758079,2
e1042,12/1/2013,2013,Tanzania,Horn of Africa,-7.960053,39.776409,2
e1043,9/1/2000,2000,Tanzania,Horn of Africa,-7.794527,39.515988,1
e1044,3/7/2009,2009,Tanzania,Horn of Africa,-6.7832,39.26767,2
e1046,4/6/2011,2011,Tanzania,Horn of Africa,-6.7832,39.26767,1
e1047,4/10/2011,2011,Tanzania,Horn of Africa,-6.986342718,39.40010033,1
e1049,4/18/2013,2013,Tanzania,Horn of Africa,-6.598654,39.249258,1
e1050,4/2/2014,2014,Tanzania,Horn of Africa,-0.71463,35.39144,3
e1051,4/14/2014,2014,Tanzania,Horn of Africa,-5.08634,39.09718,1
e1052,5/5/2014,2014,Kenya,Horn of Africa,-4.076065,39.662304,2
e1053,5/29/2016,2016,Tanzania,Horn of Africa,-6.82711,39.313,1
e1054,5/29/2016,2016,Tanzania,Horn of Africa,-5.15,39.8,2
e1055,5/27/2009,2009,Tanzania,Horn of Africa,-6.814989,39.285212,2
e1056,9/11/2016,2016,Tanzania,Horn of Africa,-6.7832,39.26767,1
e1057,9/11/2016,2016,Tanzania,Horn of Africa,-6.7832,39.26767,1
e1058,1/8/2010,2010,Tanzania,Horn of Africa,-6.7832,39.26767,2
e1059,1/16/2010,2010,Tanzania,Horn of Africa,-6.7832,39.26767,1
e1061,1/19/2006,2006,Kenya,Horn of Africa,-1.063793,34.475351,1
e1062,8/16/2006,2006,Tanzania,Horn of Africa,-1,33,1
e5040,8/16/2006,2006,Tanzania,Horn of Africa,-1,33,1
e1063,8/17/2006,2006,Tanzania,Horn of Africa,-1,33,2
e1064,8/18/2006,2006,Tanzania,Horn of Africa,-1,33,1
e1065,8/4/2006,2006,Tanzania,Horn of Africa,-2.4885,32.90634,1
e1067,12/20/2006,2006,Kenya,Horn of Africa,-0.289899,34.047456,1
e1068,1/24/2007,2007,Kenya,Horn of Africa,-0.110941,34.752951,1
e1070,2/24/2007,2007,Kenya,Horn of Africa,-0.902533,34.025162,2
e1071,3/29/2007,2007,Kenya,Horn of Africa,-0.883,33.939,1
e1073,5/19/2007,2007,Kenya,Horn of Africa,-0.293165,34.46717,2
e1077,8/3/2007,2007,Tanzania,Horn of Africa,-1.33732,34.3674,2
e1078,9/3/2007,2007,Tanzania,Horn of Africa,-1.33732,34.3674,1
e1079,9/3/2007,2007,Tanzania,Horn of Africa,-1.33732,34.3674,1
e1081,8/4/2007,2007,Tanzania,Horn of Africa,-1.01667,34.08333,2
e1085,4/3/2008,2008,Kenya,Horn of Africa,-0.100722,34.747093,1
e1086,4/13/2008,2008,Kenya,Horn of Africa,0.041542,34.026374,1
e1117,2/27/2009,2009,Tanzania,Horn of Africa,-1,33,1
e1121,4/15/2009,2009,Kenya,Horn of Africa,-1.314586,36.793709,3
e1122,4/17/2009,2009,Kenya,Horn of Africa,-1.270944,36.836752,1
e1124,5/13/2009,2009,Kenya,Horn of Africa,-0.883,33.939,1
e1129,7/30/2009,2009,Tanzania,Horn of Africa,-1.874455,31.686534,3
e1130,7/30/2009,2009,Kenya,Horn of Africa,-0.883,33.939,1
e1135,3/28/2016,2016,Tanzania,Horn of Africa,-2,31.5,2
e1136,5/12/2016,2016,Tanzania,Horn of Africa,-1.83333,33.05,2
e1140,8/31/2016,2016,Tanzania,Horn of Africa,-1.853971,31.775027,2
e1141,9/15/2016,2016,Tanzania,Horn of Africa,-2.368542,32.381952,2
e1143,10/20/2016,2016,Kenya,Horn of Africa,-0.883,33.939,2
e1144,12/5/2016,2016,Tanzania,Horn of Africa,-2.897065,32.202677,2
e1145,12/5/2016,2016,Kenya,Horn of Africa,-0.094013,34.768388,1
e1146,10/23/2011,2011,Somalia,Horn of Africa,2.5986,46.3828,2
e5041,1/17/2017,2017,Kenya,Horn of Africa,-0.94818,34.015192,3
e1147,3/7/2016,2016,Somalia,Horn of Africa,8.3319,53.0911,2
e5042,4/14/2017,2017,Kenya,Horn of Africa,-0.455902,33.93478,3
e1148,3/14/2016,2016,Somalia,Horn of Africa,4.568501,48.114647,2
e1149,3/14/2016,2016,Somalia,Horn of Africa,11.5833,43.323,3
e1150,11/23/2015,2015,Somalia,Horn of Africa,7.925439,49.958112,3
e1151,11/23/2015,2015,Somalia,Horn of Africa,1.6632,49.8566,2
e1153,11/5/2017,2017,Kenya,Horn of Africa,-0.453349,33.934222,2
e1169,2/4/2005,2005,Tanzania,Horn of Africa,-1.33333,34.16667,2
e1170,2/13/2005,2005,Tanzania,Horn of Africa,-1.33333,34.16667,2
e1171,3/16/2005,2005,Kenya,Horn of Africa,-0.791155,33.954387,3
e1172,4/12/2005,2005,Kenya,Horn of Africa,-0.099108,34.752194,2
e1174,10/26/2005,2005,Kenya,Horn of Africa,-0.461448,33.940553,2
e1175,2/21/2017,2017,Tanzania,Horn of Africa,-6.9027,39.589041,2
e1178,10/1/2011,2011,Kenya,Horn of Africa,-2.2671,41.2196,1
e1179,5/15/2012,2012,Somalia,Horn of Africa,4.9462,48.5544,2
e1180,7/10/2012,2012,Yemen,Horn of Africa,12.874057,45.007818,1
e1181,9/28/2013,2013,Somalia,Horn of Africa,11.320683,49.24971,2
e1182,5/12/2011,2011,Somalia,Horn of Africa,5.088088,49.355377,3
e1183,10/12/2012,2012,Somalia,Horn of Africa,-0.356072,42.5455,1
e1184,12/1/2012,2012,Somalia,Horn of Africa,8.5326,53.4955,1
e1185,1/5/2011,2011,Yemen,Horn of Africa,14.39758,52.99269,2
e1186,1/18/2011,2011,Somalia,Horn of Africa,12.91,50.3029,3
e1187,1/27/2011,2011,Somalia,Horn of Africa,9.3558,53.7647,3
e1188,10/9/2010,2010,Kenya,Horn of Africa,-2.400096,40.940651,3
e1189,2/13/2011,2011,Yemen,Horn of Africa,12.587297,53.8292,2
e1191,4/15/2011,2011,Yemen,Horn of Africa,12.146628,53.828806,2
e1192,4/20/2011,2011,Somalia,Horn of Africa,5.349722,48.526734,3
e1193,6/9/2011,2011,Somalia,Horn of Africa,13.689633,50.286598,2
e1194,10/14/2011,2011,Somalia,Horn of Africa,9.8136,52.3035,2
e1196,2/8/2013,2013,Somalia,Horn of Africa,11.4213,45.2876,2
e1197,11/20/2011,2011,Kenya,Horn of Africa,-2.866196,40.164736,2
e1198,3/10/2013,2013,Somalia,Horn of Africa,11.504826,43.458312,2
e1199,4/23/2013,2013,Somalia,Horn of Africa,11.274822,49.005976,2
e1200,5/11/2013,2013,Somalia,Horn of Africa,-1.1341,42.1064,2
e1201,6/5/2013,2013,Somalia,Horn of Africa,11.451529,49.151058,2
e1202,5/16/2013,2013,Yemen,Horn of Africa,12.48274,53.818021,2
e1204,12/14/2013,2013,Somalia,Horn of Africa,7.5587,51.1684,2
e1205,12/13/2012,2012,Yemen,Horn of Africa,12.943324,43.41033,3
e1206,11/3/2011,2011,Kenya,Horn of Africa,-1.737597,41.514152,3
e1207,8/22/2000,2000,Kenya,Horn of Africa,-3.254487,40.131893,1
e1208,2/27/2003,2003,Kenya,Horn of Africa,-1.2898,36.8197,1
e1210,9/7/2006,2006,Kenya,Horn of Africa,-3.1725,40.1504,1
e1212,1/1/2001,2001,Kenya,Horn of Africa,-0.779412,36.351592,1
e1213,1/15/2008,2008,Kenya,Horn of Africa,-3.81847,39.83892,2
e1214,1/1/2008,2008,Kenya,Horn of Africa,-2.407327,41.383532,1
e1215,2/9/2001,2001,Kenya,Horn of Africa,-0.732173,36.362772,1
e1216,4/27/2003,2003,Kenya,Horn of Africa,-2.361045,40.906983,1
e1219,2/8/2002,2002,Kenya,Horn of Africa,-2.27441,40.901565,1
e1221,4/1/2002,2002,Kenya,Horn of Africa,-0.336199,34.075839,1
e1222,4/15/2009,2009,Kenya,Horn of Africa,-1.314202,36.781075,2
e1223,5/14/2005,2005,Kenya,Horn of Africa,-2.524725,40.494119,1
e1225,8/23/2009,2009,Kenya,Horn of Africa,-0.882833,33.938436,2
e1226,8/24/2009,2009,Kenya,Horn of Africa,-0.882823,33.938179,1
e1227,8/28/2009,2009,Kenya,Horn of Africa,-0.883,33.939,1
e1228,10/18/1998,1998,Kenya,Horn of Africa,3.526905,35.857986,1
e1229,6/1/2004,2004,Kenya,Horn of Africa,4.450916,35.928825,3
e1230,7/23/2005,2005,Kenya,Horn of Africa,4.454071,35.928834,3
e1231,3/14/2006,2006,Kenya,Horn of Africa,4.274124,35.896126,3
e1232,3/15/2006,2006,Kenya,Horn of Africa,4.313837,36.074793,3
e1233,4/9/2008,2008,Kenya,Horn of Africa,4.011805,36.34981,1
e1234,9/1/2009,2009,Kenya,Horn of Africa,-0.882533,33.938962,3
e1235,1/15/2010,2010,Kenya,Horn of Africa,4.368243,35.949332,1
e1236,6/14/2010,2010,Kenya,Horn of Africa,-1.287447,36.823081,1
e1237,1/31/2015,2015,Kenya,Horn of Africa,3.885259,36.184892,2
e1238,5/2/2011,2011,Kenya,Horn of Africa,4.450818,35.941248,3
e1239,6/15/2011,2011,Kenya,Horn of Africa,4.453359,35.929753,3
e1240,11/1/2011,2011,Kenya,Horn of Africa,4.349536,35.935093,2
e1241,1/22/2010,2010,Kenya,Horn of Africa,4.452036,35.936898,3
e1242,5/10/2012,2012,Kenya,Horn of Africa,4.452576,35.932942,1
e1243,8/2/2013,2013,Kenya,Horn of Africa,4.453184,35.93802,3
e1244,8/2/2013,2013,Kenya,Horn of Africa,4.453184,35.93802,3
e1245,8/2/2013,2013,Kenya,Horn of Africa,4.269138,35.911833,3
e1246,2/18/2010,2010,Kenya,Horn of Africa,-0.815301,36.324453,1
e1247,4/15/2010,2010,Kenya,Horn of Africa,-4.075594,39.698203,1
e1248,8/15/2010,2010,Kenya,Horn of Africa,-3.678967,40.121254,1
e1249,6/15/2010,2010,Kenya,Horn of Africa,-1.794109,41.609411,2
e1250,8/12/2001,2001,Kenya,Horn of Africa,-0.735418,36.4108,1
e1251,8/16/2001,2001,Kenya,Horn of Africa,-0.743592,36.417613,1
e1252,2/8/2011,2011,Kenya,Horn of Africa,-4.077572,39.662658,1
e1253,3/11/2011,2011,Kenya,Horn of Africa,-3.205891,40.136152,1
e1254,7/20/2011,2011,Kenya,Horn of Africa,-4.083939,39.671548,1
e1255,10/20/2011,2011,Kenya,Horn of Africa,-1.725643,41.606522,1
e1256,11/19/2011,2011,Kenya,Horn of Africa,-2.9607,40.1651,1
e1257,1/22/2002,2002,Kenya,Horn of Africa,-0.765111,36.326682,1
e1258,3/24/2004,2004,Kenya,Horn of Africa,-0.728674,36.41651,3
e1259,1/13/2006,2006,Kenya,Horn of Africa,-0.717178,36.431025,3
e1260,9/28/2005,2005,Kenya,Horn of Africa,0.524561,36.05672,1
e1261,1/1/2002,2002,Kenya,Horn of Africa,0.666101,36.072995,1
e1263,4/16/2002,2002,Kenya,Horn of Africa,-0.644279,33.956091,2
e1264,8/7/2002,2002,Kenya,Horn of Africa,-0.804932,36.357238,1
e1265,2/22/2003,2003,Kenya,Horn of Africa,-0.764767,36.306769,1
e1266,6/1/2011,2011,Kenya,Horn of Africa,-0.768887,36.325995,2
e1267,1/1/2013,2013,Kenya,Horn of Africa,-0.752066,36.414229,2
e1268,2/5/2013,2013,Kenya,Horn of Africa,-0.759961,36.351745,1
e1269,6/2/2013,2013,Kenya,Horn of Africa,-0.784335,36.356208,1
e1270,6/18/2014,2014,Kenya,Horn of Africa,-0.73557,36.409423,3
e1271,9/1/2014,2014,Kenya,Horn of Africa,-0.807335,36.338698,2
e1272,10/14/2014,2014,Kenya,Horn of Africa,-0.793947,36.380584,3
e1273,1/8/2015,2015,Kenya,Horn of Africa,-0.738334,36.40702,1
e1274,5/27/2015,2015,Kenya,Horn of Africa,-0.798067,36.38539,3
e1275,4/10/2004,2004,Kenya,Horn of Africa,-0.727979,36.419771,3
e1300,12/16/1991,1991,Kenya,Horn of Africa,-2.29407,40.915804,1
e1301,9/23/1992,1992,Kenya,Horn of Africa,-2.592625,40.308209,1
e1302,2/3/1998,1998,Kenya,Horn of Africa,-4.044244,39.667977,1
e1303,1/28/1999,1999,Kenya,Horn of Africa,-3.218956,40.124316,1
e1304,4/8/1999,1999,Kenya,Horn of Africa,-4.039797,39.722126,1
e1305,12/1/1999,1999,Kenya,Horn of Africa,-4.057502,39.676807,1
e1306,12/31/1999,1999,Kenya,Horn of Africa,-0.309049,34.172012,2
e1307,4/4/2002,2002,Kenya,Horn of Africa,-0.767426,36.422559,1
e1308,2/9/2004,2004,Kenya,Horn of Africa,-3.632244,39.854394,1
e1309,3/8/2004,2004,Kenya,Horn of Africa,-4.466112,39.478812,2
e1310,7/22/2004,2004,Kenya,Horn of Africa,-0.137014,34.017389,2
e1312,2/20/2010,2010,Kenya,Horn of Africa,-0.730897,36.41651,1
e1313,1/1/2011,2011,Yemen,Horn of Africa,12.54580229,47.88365137,2
e5043,11/22/2010,2010,Eritrea,Horn of Africa,14.38456568,42.28648658,2
e1314,8/1/2011,2011,Yemen,Horn of Africa,14.313605,49.245638,2
e5044,2/1/2012,2012,Eritrea,Horn of Africa,13.60117614,42.61372187,2
e1315,2/28/2013,2013,Yemen,Horn of Africa,12.6796,52.6656,2
e1316,4/17/2013,2013,Yemen,Horn of Africa,14.812453,42.508854,2
e1317,8/17/2013,2013,Yemen,Horn of Africa,14.855688,42.932567,2
e1318,3/7/2013,2013,Yemen,Horn of Africa,14.852,42.323,3
e1319,9/11/2013,2013,Yemen,Horn of Africa,15.359,44.1955,1
e1320,10/2/2013,2013,Yemen,Horn of Africa,14.951374,42.237384,2
e1321,3/2/2012,2012,Yemen,Horn of Africa,12.933333,49.166667,2
e1322,10/12/2014,2014,Yemen,Horn of Africa,15.748677,41.914251,2
e1323,11/5/2014,2014,Yemen,Horn of Africa,13.373547,42.961152,2
e1324,4/2/2015,2015,Yemen,Horn of Africa,12.662064,43.411587,2
e2000,9/29/1990,1990,Kenya,Horn of Africa,-0.262687,34.193359,1
e2003,6/1/1991,1991,Kenya,Horn of Africa,-0.300862,34.189127,2
e2004,11/28/1992,1992,Kenya,Horn of Africa,0.010361,33.959143,1
e2005,1/1/1993,1993,Tanzania,Horn of Africa,-2.75,32.75,1
e2006,6/1/1993,1993,Kenya,Horn of Africa,-0.201711,34.67131,1
e2009,11/2/1993,1993,Kenya,Horn of Africa,-0.584832,34.044814,1
e2010,5/27/1994,1994,Kenya,Horn of Africa,-0.099426,34.752324,1
e2013,9/14/1996,1996,Kenya,Horn of Africa,-0.041108,33.959343,2
e2014,9/22/1996,1996,Kenya,Horn of Africa,0.136187,33.954141,1
e2017,8/1/1997,1997,Tanzania,Horn of Africa,-6.438400133,34.99532271,1
e2019,9/2/1997,1997,Tanzania,Horn of Africa,-1.33635,31.81397,3
e2021,10/18/1997,1997,Kenya,Horn of Africa,0.159024,34.792401,1
e2022,12/1/1997,1997,Kenya,Horn of Africa,-0.208443,34.382149,1
e2023,12/23/1997,1997,Tanzania,Horn of Africa,-6.438400133,34.99532271,1
e2024,12/23/1997,1997,Kenya,Horn of Africa,-0.578485,33.986883,1
e2028,1/30/1998,1998,Kenya,Horn of Africa,-0.461566,33.945227,2
e2029,4/20/1998,1998,Kenya,Horn of Africa,-0.270302,34.560258,1
e2030,5/1/1998,1998,Kenya,Horn of Africa,-0.264838,34.205398,2
e2032,9/9/1998,1998,Kenya,Horn of Africa,0.015735,33.967458,2
e2041,3/30/1999,1999,Kenya,Horn of Africa,-0.870257,34.008575,1
e2042,3/29/1999,1999,Kenya,Horn of Africa,0.62232,34.28785,1
e2043,3/31/1999,1999,Kenya,Horn of Africa,-0.363417,34.091293,1
e2044,3/31/1999,1999,Kenya,Horn of Africa,-0.283739,34.558791,1
e2045,3/31/1999,1999,Kenya,Horn of Africa,-0.934144,34.142452,1
e2046,4/8/1999,1999,Kenya,Horn of Africa,-0.989725,33.993124,1
e2047,3/30/1999,1999,Tanzania,Horn of Africa,-1.008932,33.90992,1
e2049,3/30/1999,1999,Kenya,Horn of Africa,-0.273026,34.504227,1
e2053,4/8/1999,1999,Kenya,Horn of Africa,-0.21151,34.021326,1
e2056,4/22/1999,1999,Kenya,Horn of Africa,-0.098678,34.751861,1
e2060,5/12/1999,1999,Kenya,Horn of Africa,-0.529783,34.454193,1
e2061,6/10/1999,1999,Tanzania,Horn of Africa,-1.048086,34.044762,3
e2063,7/21/1999,1999,Tanzania,Horn of Africa,-1.128774,33.680028,1
e2065,7/21/1999,1999,Kenya,Horn of Africa,-0.555745,33.9532,1
e2066,7/24/1999,1999,Tanzania,Horn of Africa,-1.5223,33.541127,3
e2067,5/1/1999,1999,Kenya,Horn of Africa,0.124053,33.975217,3
e2068,12/6/1999,1999,Kenya,Horn of Africa,-0.249012,34.529278,1
e2070,3/24/2000,2000,Kenya,Horn of Africa,-0.101409,34.756362,1
e2071,7/11/2000,2000,Kenya,Horn of Africa,-1.294587,36.803436,1
e2073,8/2/2000,2000,Tanzania,Horn of Africa,-2.029545,32.686409,1
e2074,8/29/2000,2000,Kenya,Horn of Africa,-0.099426,34.752324,1
e2075,10/15/2000,2000,Tanzania,Horn of Africa,-1.504638,32.077453,1
e2076,12/6/2000,2000,Kenya,Horn of Africa,-0.297043,34.670703,1
e2077,12/1/2000,2000,Kenya,Horn of Africa,-3.742465,41.221374,1
e2084,6/1/2001,2001,Kenya,Horn of Africa,-0.455217,33.934423,1
e2085,11/10/2001,2001,Kenya,Horn of Africa,-0.149888,34.676443,1
e2086,1/1/2001,2001,Kenya,Horn of Africa,-0.712914,36.432482,1
e2087,12/20/2001,2001,Kenya,Horn of Africa,-0.539824,34.16309,1
e2091,3/17/2002,2002,Kenya,Horn of Africa,-0.865867,33.955864,2
e2093,4/24/2002,2002,Kenya,Horn of Africa,0.099426,33.9747,1
e2094,4/24/2002,2002,Kenya,Horn of Africa,-0.882022,33.937843,2
e2097,5/2/2002,2002,Kenya,Horn of Africa,-0.583384,33.957223,1
e2099,6/28/2002,2002,Kenya,Horn of Africa,-0.156125,34.076298,2
e2101,7/11/2002,2002,Kenya,Horn of Africa,0.045588,33.965666,3
e2102,6/23/2002,2002,Kenya,Horn of Africa,-0.0265,34.005724,2
e2103,7/17/2002,2002,Kenya,Horn of Africa,-1.290196,36.819683,1
e2107,1/18/2003,2003,Tanzania,Horn of Africa,-1.116892,33.966486,2
e2108,1/21/2003,2003,Kenya,Horn of Africa,-1.063821,34.471095,1
e2111,1/30/2003,2003,Kenya,Horn of Africa,-0.525663,34.458227,1
e2115,6/25/2003,2003,Kenya,Horn of Africa,-0.135145,34.017629,2
e2116,7/14/2003,2003,Kenya,Horn of Africa,-0.837211,34.147957,2
e2119,8/6/2003,2003,Kenya,Horn of Africa,0.464982,34.10007,1
e2120,8/8/2003,2003,Kenya,Horn of Africa,-0.883,33.939,2
e2121,9/3/2003,2003,Kenya,Horn of Africa,-0.971002,34.019224,1
e2122,9/4/2003,2003,Kenya,Horn of Africa,-1.022812,34.103572,2
e2124,6/15/2002,2002,Kenya,Horn of Africa,-1.296343,36.838125,1
e2126,12/11/2003,2003,Kenya,Horn of Africa,-0.456739,33.935424,2
e2127,12/17/2003,2003,Kenya,Horn of Africa,-0.321347,34.703407,3
e2129,1/4/2004,2004,Kenya,Horn of Africa,-0.370609,34.262266,2
e2131,6/1/2004,2004,Kenya,Horn of Africa,-0.091261,34.047586,2
e2135,8/25/2004,2004,Tanzania,Horn of Africa,-1.159939,31.933042,2
e2137,1/1/2003,2003,Kenya,Horn of Africa,-0.808482,33.945777,3
e2139,9/22/2004,2004,Kenya,Horn of Africa,-0.562613,33.972063,3
e2140,1/1/2003,2003,Kenya,Horn of Africa,-0.032442,33.961836,2
e2142,10/10/2015,2015,Kenya,Horn of Africa,-0.340137,33.954215,2
e2143,11/15/2014,2014,Tanzania,Horn of Africa,-5.68085,29.708213,2
e2144,12/11/2006,2006,Tanzania,Horn of Africa,-6.17683,39.22394,1
e2145,1/4/2007,2007,Somalia,Horn of Africa,11.5843,44.7604,2
e2146,2/26/2007,2007,Somalia,Horn of Africa,1.706685,44.771961,2
e2147,5/2/2007,2007,Somalia,Horn of Africa,9.2462,51.5416,2
e2148,5/1/2007,2007,Somalia,Horn of Africa,11.4843,51.2391,2
e2149,5/9/2007,2007,Somalia,Horn of Africa,9.976315,50.250196,2
e2150,5/15/2007,2007,Somalia,Horn of Africa,1.1,49,3
e2151,4/4/2006,2006,Somalia,Horn of Africa,1.761,46.5533,2
e2152,5/28/2007,2007,Somalia,Horn of Africa,11.2752,49.1755,1
e2153,4/28/2007,2007,Somalia,Horn of Africa,3.11,47.23,3
e2154,7/3/2007,2007,Somalia,Horn of Africa,5.636,48.8525,2
e2155,7/3/2007,2007,Somalia,Horn of Africa,8.4,48.4843,1
e2156,9/20/2007,2007,Somalia,Horn of Africa,11.3816,43.3403,2
e2157,12/2/2007,2007,Somalia,Horn of Africa,9.495995,50.810183,3
e2158,12/12/2007,2007,Somalia,Horn of Africa,8.4057,48.4822,1
e2159,1/26/2008,2008,Somalia,Horn of Africa,6.951931,49.364737,2
e2160,2/1/2008,2008,Somalia,Horn of Africa,12.523,51.1426,2
e2161,3/25/2008,2008,Somalia,Horn of Africa,11,47.116677,2
e2162,4/7/2008,2008,Somalia,Horn of Africa,8.405257,48.483245,1
e2163,4/1/2008,2008,Yemen,Horn of Africa,13.1548,49.0623,2
e2164,5/25/2008,2008,Somalia,Horn of Africa,13.272778,50.829722,2
e2165,7/28/2008,2008,Somalia,Horn of Africa,2.2614,48.655,2
e2166,1/14/2008,2008,Somalia,Horn of Africa,11.686052,49.128374,3
e2167,9/9/2008,2008,Somalia,Horn of Africa,2.3639,49.5386,1
e2168,9/10/2008,2008,Somalia,Horn of Africa,11.9262,44.2788,1
e2169,10/2/2008,2008,Somalia,Horn of Africa,-2.3865,46.7253,1
e2170,11/14/2008,2008,Kenya,Horn of Africa,-2.458446,41.726354,2
e2171,11/14/2008,2008,Somalia,Horn of Africa,1.715064,44.769811,1
e2172,11/18/2008,2008,Yemen,Horn of Africa,14.45476379,51.17628966,2
e2173,11/9/2008,2008,Yemen,Horn of Africa,12.924403,48.598159,3
e2174,1/1/2004,2004,Somalia,Horn of Africa,12.3369,49.0683,2
e2175,12/6/2008,2008,Somalia,Horn of Africa,-1.6871,43.2213,1
e2176,12/10/2008,2008,Yemen,Horn of Africa,12.638191,44.977368,2
e2177,12/1/2008,2008,Yemen,Horn of Africa,13.587402,51.125014,2
e2179,12/16/2008,2008,Yemen,Horn of Africa,13.459221,52.597182,2
e2180,1/8/2009,2009,Kenya,Horn of Africa,-1.737672,41.508216,2
e2181,1/21/2009,2009,Somalia,Horn of Africa,-2.0129,45.3448,2
e2182,1/27/2009,2009,Somalia,Horn of Africa,-0.365183,42.541834,3
e2183,1/29/2009,2009,Somalia,Horn of Africa,10.475904,44.948333,2
e2184,3/16/2009,2009,Somalia,Horn of Africa,9.50233,50.82411,2
e2185,3/28/2009,2009,Somalia,Horn of Africa,12.426,49.711633,3
e2186,4/2/2009,2009,Somalia,Horn of Africa,2.045,45.3186,1
e2187,4/2/2009,2009,Somalia,Horn of Africa,11.8394,49.2354,3
e2188,4/4/2009,2009,Somalia,Horn of Africa,8.8413,53.7492,1
e2190,4/5/2009,2009,Somalia,Horn of Africa,12.796109,51.12056,2
e2191,4/9/2009,2009,Yemen,Horn of Africa,13.630114,50.861342,2
e2192,4/10/2009,2009,Somalia,Horn of Africa,12.449,48.95,3
e2193,4/29/2009,2009,Somalia,Horn of Africa,12.0472,51.3722,2
e2194,5/6/2009,2009,Somalia,Horn of Africa,-0.9375,44.5,1
e2195,6/10/2009,2009,Somalia,Horn of Africa,2.04128,45.3377,1
e2196,6/13/2009,2009,Somalia,Horn of Africa,0.2954,46.2291,1
e2197,5/1/2009,2009,Yemen,Horn of Africa,14.53087,49.12941,2
e2198,4/15/2009,2009,Yemen,Horn of Africa,13.3716,49.4905,2
e2199,2/12/2009,2009,Yemen,Horn of Africa,12.974,52.7132,2
e2200,7/24/2009,2009,Yemen,Horn of Africa,13.608759,48.070815,2
e2201,1/1/2002,2002,Somalia,Horn of Africa,2.3475,46.0639,3
e2202,9/17/2009,2009,Somalia,Horn of Africa,12.905725,50.246668,2
e2204,10/14/2009,2009,Somalia,Horn of Africa,11.4339,51.601,1
e2205,10/17/2009,2009,Yemen,Horn of Africa,13.457265,49.409723,2
e2207,10/21/2009,2009,Somalia,Horn of Africa,2.0454,45.3342,1
e2208,11/1/2009,2009,Somalia,Horn of Africa,7.5132,51.0173,2
e2209,11/1/2009,2009,Somalia,Horn of Africa,12.2951,50.72488,3
e2210,11/9/2009,2009,Somalia,Horn of Africa,10.431441,51.813837,2
e2211,11/22/2009,2009,Somalia,Horn of Africa,0.079,47.6862,1
e2212,11/19/2009,2009,Somalia,Horn of Africa,13.053324,49.275661,2
e2213,12/18/2009,2009,Yemen,Horn of Africa,13.066667,47.066667,2
e2214,11/1/2009,2009,Somalia,Horn of Africa,7.974345,49.837085,2
e2215,12/16/2009,2009,Somalia,Horn of Africa,-2.457,42.3711,2
e2216,2/23/2010,2010,Somalia,Horn of Africa,2.034043,45.326964,1
e2217,2/23/2010,2010,Somalia,Horn of Africa,11.327948,51.637426,3
e2218,11/1/2010,2010,Yemen,Horn of Africa,12.602958,45.741713,3
e2219,3/3/2010,2010,Kenya,Horn of Africa,-4.62264114,42.268409,2
e2222,3/21/2010,2010,Kenya,Horn of Africa,-1.97977,41.89596,2
e2223,3/17/2010,2010,Somalia,Horn of Africa,13.0784,49.3791,2
e2225,4/1/2010,2010,Somalia,Horn of Africa,1.713037,44.7704,1
e2226,4/5/2010,2010,Somalia,Horn of Africa,6.775692,47.424411,1
e2228,4/24/2010,2010,Somalia,Horn of Africa,5.347922,48.52936,2
e2229,5/10/2010,2010,Somalia,Horn of Africa,4.613848,47.909154,1
e2230,4/5/2010,2010,Yemen,Horn of Africa,13.972455,50.686068,2
e2231,5/1/2010,2010,Yemen,Horn of Africa,14.335066,52.456955,3
e2232,5/5/2010,2010,Yemen,Horn of Africa,14.533527,49.124042,1
e2234,7/1/2010,2010,Somalia,Horn of Africa,1.908596,45.288895,3
e2235,9/5/2010,2010,Somalia,Horn of Africa,5.320133,48.503278,1
e2236,9/10/2010,2010,Somalia,Horn of Africa,13.0846,48.9371,2
e2237,10/1/2010,2010,Somalia,Horn of Africa,10.2859,54.1171,2
e2238,11/4/2010,2010,Yemen,Horn of Africa,13.740104,48.185151,2
e2240,12/1/2010,2010,Yemen,Horn of Africa,12.285469,52.242078,2
e2241,1/21/2010,2010,Somalia,Horn of Africa,0.960548,44.948714,3
e2242,3/16/2005,2005,Somalia,Horn of Africa,13.3193,50.7311,3
e2243,1/1/2005,2005,Somalia,Horn of Africa,2.047332,45.436301,2
e2244,8/13/2005,2005,Somalia,Horn of Africa,-0.862436,42.847653,2
e2245,8/16/2005,2005,Somalia,Horn of Africa,-0.862436,42.847653,3
e2246,8/16/2005,2005,Somalia,Horn of Africa,-0.862436,42.847653,3
e2247,11/1/2005,2005,Somalia,Horn of Africa,0.9473,47.4062,2
e2248,11/1/2005,2005,Somalia,Horn of Africa,-0.862436,42.847653,3
e2249,1/16/2006,2006,Somalia,Horn of Africa,0.945588,45.631349,3
e2250,2/26/2006,2006,Somalia,Horn of Africa,1.58,45.36,2
e2251,3/18/2006,2006,Somalia,Horn of Africa,2.4546,46.4632,3
e2252,4/4/2006,2006,Somalia,Horn of Africa,4.54,49.21,2
e2253,3/14/2006,2006,Yemen,Horn of Africa,12.648276,52.090475,2
e2254,2/15/2006,2006,Somalia,Horn of Africa,11.158512,44.873113,2
e2257,10/22/2017,2017,Somalia,Horn of Africa,3.8149,49.4813,2
e2258,10/6/2017,2017,Somalia,Horn of Africa,10.4786,52.3675,3
e2259,6/8/2007,2007,Somalia,Horn of Africa,6.8123,51.3725,2
e2260,11/19/2011,2011,Djibouti,Horn of Africa,11.92,43.572,2
e5045,7/20/1997,1997,Yemen,Horn of Africa,15.044736,41.90526,2
e2261,2/22/2016,2016,Djibouti,Horn of Africa,11.9613,43.2915,1
e5046,7/1/1997,1997,Yemen,Horn of Africa,16.25349023,41.38965903,2
e2262,5/23/1998,1998,Yemen,Horn of Africa,16.306728,41.969593,1
e2263,5/20/2017,2017,Djibouti,Horn of Africa,11.7734,43.180715,1
e5047,7/25/1998,1998,Yemen,Horn of Africa,16.377099,42.766048,2
e2264,5/1/2017,2017,Djibouti,Horn of Africa,11.9657,43.2935,2
e5048,2/4/2017,2017,Yemen,Horn of Africa,14.6271,42.907726,3
e2265,2/14/2017,2017,Yemen,Horn of Africa,15.317133,42.673919,3
e5049,10/10/2017,2017,Djibouti,Horn of Africa,11.9657,43.293,1
e2266,3/15/2017,2017,Yemen,Horn of Africa,14.898432,42.803857,3
e2267,3/15/2017,2017,Yemen,Horn of Africa,14.623651,42.933409,3
e2268,3/17/2017,2017,Yemen,Horn of Africa,15.005347,42.831099,3
e2269,3/23/2017,2017,Yemen,Horn of Africa,14.995758,42.803498,3
e2270,3/30/2017,2017,Yemen,Horn of Africa,14.218356,42.865296,3
e2271,4/5/2017,2017,Yemen,Horn of Africa,14.57176,42.892398,3
e2272,7/21/2017,2017,Yemen,Horn of Africa,13.805762,43.21809,3
e2273,3/30/2012,2012,Eritrea,Horn of Africa,15.676891,41.296415,2
e2274,10/24/2017,2017,Yemen,Horn of Africa,12.822497,54.228307,3
e2275,11/11/2017,2017,Yemen,Horn of Africa,15.51166,42.491789,3
e3003,4/1/1997,1997,Tanzania,Horn of Africa,-9.640298,39.71857,1
e3005,9/25/1997,1997,Tanzania,Horn of Africa,-6.438400133,34.99532271,1
e3007,1/23/1998,1998,Tanzania,Horn of Africa,-6.345533,39.25283,1
e3008,1/1/1997,1997,Tanzania,Horn of Africa,-5.387821,39.148597,2
e3009,1/1/1997,1997,Tanzania,Horn of Africa,-10.213118,40.176052,3
e3011,12/1/1998,1998,Kenya,Horn of Africa,-4.691236,39.383924,1
e3013,9/17/2004,2004,Tanzania,Horn of Africa,-1,33,1
e3014,1/18/2005,2005,Tanzania,Horn of Africa,-1,33,1
e3016,8/28/2005,2005,Tanzania,Horn of Africa,-2.161276,32.12445,2
e3017,8/28/2005,2005,Tanzania,Horn of Africa,-2.168917,32.146319,2
e3019,6/15/1999,1999,Tanzania,Horn of Africa,-2.4885,32.90634,2
e3020,11/1/1998,1998,Tanzania,Horn of Africa,-2.4885,32.90634,2
e3021,3/1/2000,2000,Tanzania,Horn of Africa,-1,33,1
e3022,10/12/2000,2000,Kenya,Horn of Africa,-4.663159,39.247966,2
e3023,5/27/2002,2002,Tanzania,Horn of Africa,-7.676193,39.493429,1
e3026,3/12/2003,2003,Tanzania,Horn of Africa,-6.589904,39.867207,1
e3030,11/17/2006,2006,Tanzania,Horn of Africa,-5.093023,39.594628,1
e3031,11/19/2006,2006,Tanzania,Horn of Africa,-6.17683,39.22394,1
e3032,11/19/2006,2006,Tanzania,Horn of Africa,-5.16667,39.8,1
e5050,11/19/2006,2006,Tanzania,Horn of Africa,-5.16667,39.8,1
e3034,10/9/2007,2007,Tanzania,Horn of Africa,-7.138706,40.032245,1
e3035,10/28/2007,2007,Tanzania,Horn of Africa,-2.027240578,31.18194427,2
e3036,10/14/2007,2007,Kenya,Horn of Africa,-0.923246,34.109752,1
e3037,11/4/2007,2007,Kenya,Horn of Africa,-0.850226,34.023644,1
e3039,7/6/2008,2008,Tanzania,Horn of Africa,-6.7832,39.26767,1
e3040,10/9/2008,2008,Tanzania,Horn of Africa,-2.8242,31.7479,2
e3042,3/1/2009,2009,Tanzania,Horn of Africa,-6.7832,39.26767,2
e3045,6/23/2009,2009,Tanzania,Horn of Africa,-4.76124,39.598968,1
e3046,6/23/2009,2009,Kenya,Horn of Africa,-4.68,43.21,1
e3047,7/18/2009,2009,Tanzania,Horn of Africa,-4.60215,39.1053,2
e3048,10/15/2009,2009,Tanzania,Horn of Africa,-4.783364,39.165436,2
e3050,10/26/2008,2008,Kenya,Horn of Africa,-4.660339,39.219618,1
e3051,1/5/2010,2010,Tanzania,Horn of Africa,-5.08634,39.09718,2
e3052,2/20/2010,2010,Tanzania,Horn of Africa,-8.116504,30.943763,3
e3055,10/9/2010,2010,Kenya,Horn of Africa,-1.666667,41.72,2
e3056,4/8/2011,2011,Tanzania,Horn of Africa,-7.12698,39.205959,2
e3059,11/15/2009,2009,Kenya,Horn of Africa,-2.467697,40.955065,1
e3060,1/15/2010,2010,Kenya,Horn of Africa,-3.438684,40.411242,1
e3061,10/21/2011,2011,Kenya,Horn of Africa,-3.637096,39.843117,1
e3062,5/5/2011,2011,Tanzania,Horn of Africa,-9.028843,40.955122,2
e3063,3/18/2012,2012,Tanzania,Horn of Africa,-1.33635,31.81397,2
e3064,12/20/2009,2009,Tanzania,Horn of Africa,-0.882317,33.936473,3
e3067,2/7/2010,2010,Kenya,Horn of Africa,-0.882351,33.938093,1
e3068,2/9/2010,2010,Kenya,Horn of Africa,-0.971954,34.257471,1
e3070,2/17/2009,2009,Kenya,Horn of Africa,-0.102528,34.748906,1
e3078,7/15/2010,2010,Kenya,Horn of Africa,-0.883,33.939,1
e3080,10/27/2010,2010,Tanzania,Horn of Africa,-1.005167,31.849812,2
e3081,10/28/2010,2010,Tanzania,Horn of Africa,-1.011861,31.848868,2
e3082,10/30/2010,2010,Kenya,Horn of Africa,-0.882844,33.939027,2
e3085,3/15/2011,2011,Kenya,Horn of Africa,0.098994,33.967899,2
e3087,6/1/2011,2011,Kenya,Horn of Africa,-0.883241,33.938844,1
e3095,8/15/2011,2011,Kenya,Horn of Africa,-0.883,33.939,1
e3098,11/1/2011,2011,Kenya,Horn of Africa,-0.98441,34.131906,1
e3102,10/27/2011,2011,Kenya,Horn of Africa,-0.882919,33.937803,2
e3104,9/28/2011,2011,Kenya,Horn of Africa,-0.883209,33.938286,2
e3112,10/18/2012,2012,Kenya,Horn of Africa,-0.104731,34.753244,1
e3117,1/31/2013,2013,Tanzania,Horn of Africa,-2.05,33,3
e3120,7/30/2013,2013,Kenya,Horn of Africa,-0.883,33.939,3
e3121,7/19/2013,2013,Kenya,Horn of Africa,0.380378,34.14883,2
e3122,7/19/2013,2013,Kenya,Horn of Africa,-0.141682,34.593556,2
e3123,9/20/2013,2013,Tanzania,Horn of Africa,-1.637653,32.415107,2
e3124,10/21/2013,2013,Kenya,Horn of Africa,0.101051,33.978328,2
e3127,1/10/2014,2014,Kenya,Horn of Africa,-0.098404,34.74861,2
e3129,1/19/2014,2014,Kenya,Horn of Africa,-0.883,33.939,1
e3132,3/26/2014,2014,Kenya,Horn of Africa,-0.883,33.939,2
e3133,3/24/2014,2014,Kenya,Horn of Africa,-1.000779,34.09913,2
e3136,5/26/2014,2014,Kenya,Horn of Africa,-0.882887,33.9382,2
e3138,7/9/2014,2014,Tanzania,Horn of Africa,-2.4885,32.90634,2
e3141,8/12/2014,2014,Tanzania,Horn of Africa,-1.500899,31.981959,2
e3142,8/24/2014,2014,Tanzania,Horn of Africa,-1.845755,31.723724,2
e3143,8/15/2010,2010,Kenya,Horn of Africa,-0.47023,34.369279,3
e3145,3/5/2015,2015,Kenya,Horn of Africa,0.178873,33.981052,1
e3146,3/1/2015,2015,Kenya,Horn of Africa,-0.436061,34.203584,3
e3152,10/30/2014,2014,Kenya,Horn of Africa,0.205063,33.991676,2
e3153,4/12/2013,2013,Kenya,Horn of Africa,-0.52677,34.451468,2
e3154,7/18/1990,1990,Somalia,Horn of Africa,11.2211,47.2403,2
e3155,9/17/1991,1991,Somalia,Horn of Africa,5.4508,51.9401,1
e3156,4/1/1992,1992,Somalia,Horn of Africa,9.511179,50.820255,2
e3157,6/6/1992,1992,Somalia,Horn of Africa,1.2079,45.9019,2
e3158,9/15/1992,1992,Somalia,Horn of Africa,3.0366,51.172,3
e3159,12/15/1993,1993,Somalia,Horn of Africa,14.0154,52.9449,1
e3160,2/10/1994,1994,Somalia,Horn of Africa,9.3096,53.3442,2
e3161,8/5/1994,1994,Somalia,Horn of Africa,12.7063,49.3996,2
e3162,8/20/1994,1994,Somalia,Horn of Africa,12.138,48.4473,1
e3163,3/15/1995,1995,Somalia,Horn of Africa,1.826599,45.101168,3
e3164,10/11/1995,1995,Somalia,Horn of Africa,12.0721,50.939,1
e3165,11/24/2015,2015,Somalia,Horn of Africa,-0.361969,42.55,3
e3166,7/12/1996,1996,Yemen,Horn of Africa,12.774446,46.906264,2
e3167,7/18/1996,1996,Somalia,Horn of Africa,4.0473,47.7867,2
e3168,4/20/1997,1997,Somalia,Horn of Africa,6.0817,49.0909,2
e3169,10/3/1997,1997,Somalia,Horn of Africa,4.1352,47.9144,3
e3170,6/3/1997,1997,Somalia,Horn of Africa,2.7249,46.398,3
e3172,1/1/1998,1998,Somalia,Horn of Africa,2.2097,45.9265,2
e3173,1/12/1998,1998,Somalia,Horn of Africa,6.951816,49.332631,2
e3174,1/15/1998,1998,Somalia,Horn of Africa,6.951816,49.332631,2
e3175,1/22/1998,1998,Somalia,Horn of Africa,11.5267,49.5435,2
e3176,6/5/1998,1998,Somalia,Horn of Africa,12.2532,50.8093,2
e3177,12/16/1998,1998,Somalia,Horn of Africa,7.956869,49.83615,3
e3178,12/28/1998,1998,Somalia,Horn of Africa,11.966196,50.755355,2
e3179,10/26/1999,1999,Somalia,Horn of Africa,11.4878,46.9012,2
e3180,1/18/1999,1999,Somalia,Horn of Africa,11.6882,44.0821,2
e3181,3/15/1999,1999,Somalia,Horn of Africa,6.5645,49.2306,2
e3182,3/14/1999,1999,Somalia,Horn of Africa,7.8651,50.069,2
e3183,11/17/1999,1999,Somalia,Horn of Africa,11.605,44.7058,2
e3184,1/13/2000,2000,Somalia,Horn of Africa,-2.4274,45.445,2
e3185,4/20/2000,2000,Somalia,Horn of Africa,6.8626,50.9904,2
e3186,4/1/2000,2000,Somalia,Horn of Africa,13.5127,51.0949,2
e3187,7/5/2000,2000,Somalia,Horn of Africa,11.5581,49.3873,2
e3188,8/9/2000,2000,Somalia,Horn of Africa,7.9254,49.9581,3
e3189,8/15/2000,2000,Somalia,Horn of Africa,1.5677,44.9505,2
e3190,1/1/2000,2000,Somalia,Horn of Africa,6.8943,49.4191,2
e3191,1/2/2000,2000,Somalia,Horn of Africa,7.8707,50.0125,2
e3192,2/17/2001,2001,Somalia,Horn of Africa,10.6678,44.9371,2
e3193,11/25/2000,2000,Somalia,Horn of Africa,-0.36197,42.55,2
e3194,3/13/2001,2001,Somalia,Horn of Africa,9.6459,53.9954,2
e3195,7/25/2001,2001,Somalia,Horn of Africa,7.8978,50.0221,2
e3196,10/7/2001,2001,Somalia,Horn of Africa,11.5436,49.1686,3
e3197,2/1/2002,2002,Kenya,Horn of Africa,-2.399,40.9228,1
e3198,6/12/2002,2002,Somalia,Horn of Africa,2.6449,46.419,2
e3199,12/1/2002,2002,Kenya,Horn of Africa,-4.1518,39.9828,2
e3200,8/25/2002,2002,Somalia,Horn of Africa,11.8704,51.0578,3
e3201,1/24/2004,2004,Somalia,Horn of Africa,1.1135,44.0326,2
e3202,6/9/2003,2003,Somalia,Horn of Africa,-0.4306,42.5996,2
e3203,11/16/2004,2004,Somalia,Horn of Africa,11.751,44.9639,2
e3204,2/3/2017,2017,Somalia,Horn of Africa,5.3521,48.5255,2
e3205,1/4/2017,2017,Somalia,Horn of Africa,7.8653,50.0013,2
e3206,3/13/2017,2017,Somalia,Horn of Africa,12.189,50.6139,3
e3207,3/3/2017,2017,Somalia,Horn of Africa,10.2361,52.0819,3
e3208,3/23/2017,2017,Somalia,Horn of Africa,7.8409,50.0013,2
e3209,10/14/2016,2016,Somalia,Horn of Africa,1.8037,50.1523,2
e3210,5/23/2017,2017,Somalia,Horn of Africa,12.2117,50.3902,2
e3211,6/19/2017,2017,Somalia,Horn of Africa,-1.9603,44.0504,2
e3213,3/21/2017,2017,Somalia,Horn of Africa,11.2787,49.1739,1
e3214,8/12/2013,2013,Kenya,Horn of Africa,4.453221,35.944937,3
e3215,8/31/2013,2013,Kenya,Horn of Africa,4.269138,35.911833,3
e3216,10/1/2011,2011,Kenya,Horn of Africa,-2.108979,41.414123,1
e3217,2/27/2012,2012,Kenya,Horn of Africa,-3.292033,40.114846,3
e3218,4/4/2012,2012,Kenya,Horn of Africa,-3.604835,39.885242,1
e3219,5/5/2014,2014,Kenya,Horn of Africa,-4.076517,39.66242,1
e3221,10/21/2014,2014,Kenya,Horn of Africa,-4.280081,39.594469,1
e3222,10/28/2014,2014,Kenya,Horn of Africa,-2.267923,40.901622,1
e3223,11/18/2014,2014,Kenya,Horn of Africa,-3.359567,40.018709,1
e3224,4/20/2015,2015,Kenya,Horn of Africa,-0.101495,34.274897,1
e3225,5/15/2015,2015,Kenya,Horn of Africa,-0.130811,33.98776,3
e3226,12/14/2015,2015,Kenya,Horn of Africa,-3.957194,39.762647,2
e3227,12/15/2015,2015,Kenya,Horn of Africa,-4.089034,39.822142,2
e3228,12/29/2017,2017,Kenya,Horn of Africa,-0.649077,38.406362,2
e3235,3/21/2005,2005,Kenya,Horn of Africa,-0.296267,34.493764,2
e3236,4/15/2005,2005,Kenya,Horn of Africa,-0.514018,34.473001,2
e3237,4/1/2005,2005,Kenya,Horn of Africa,-0.473225,34.454851,1
e3238,7/20/2014,2014,Kenya,Horn of Africa,-2.266079,40.900485,1
e3239,2/7/2002,2002,Yemen,Horn of Africa,12.685317,44.984056,2
e3240,3/1/2003,2003,Yemen,Horn of Africa,12.575275,44.364793,1
e3241,6/2/2003,2003,Yemen,Horn of Africa,14.063887,42.677219,2
e3242,7/22/2003,2003,Yemen,Horn of Africa,15.605372,52.327307,3
e3243,4/22/2005,2005,Yemen,Horn of Africa,15.25139,51.556526,1
e3244,3/6/2006,2006,Yemen,Horn of Africa,12.247459,52.347731,2
e3246,4/19/2007,2007,Yemen,Horn of Africa,14.947151,42.731881,1
e3247,11/18/2008,2008,Yemen,Horn of Africa,13.464978,49.486004,3
e3249,1/18/2009,2009,Yemen,Horn of Africa,15.030173,42.169018,2
e3253,5/1/2008,2008,Yemen,Horn of Africa,13.681866,49.925187,3
e3254,6/1/2009,2009,Yemen,Horn of Africa,15.406813,41.804798,2
e3255,8/1/2009,2009,Yemen,Horn of Africa,16.15313096,41.29997627,2
e3257,9/17/2009,2009,Yemen,Horn of Africa,13.03265153,51.42825549,2
e3258,10/18/2009,2009,Yemen,Horn of Africa,15.751277,42.485762,2
e3259,11/16/2009,2009,Yemen,Horn of Africa,15.83924132,41.61386592,2
e3260,11/18/2009,2009,Yemen,Horn of Africa,13.042113,47.749764,2
e3261,9/19/2009,2009,Yemen,Horn of Africa,16.124468,41.920566,2
e3262,11/21/2009,2009,Yemen,Horn of Africa,12.442272,44.15736,3
e3278,2/22/2017,2017,Yemen,Horn of Africa,13.431186,43.223096,3
e3290,2/1/2016,2016,Yemen,Horn of Africa,15.054158,42.5988,2
e3292,10/2/2016,2016,Yemen,Horn of Africa,13.217453,43.142071,3
e3293,10/15/2016,2016,Yemen,Horn of Africa,13.324382,43.096753,3
e3294,12/20/2016,2016,Yemen,Horn of Africa,16.17021339,41.56688924,2
e3295,10/22/2015,2015,Yemen,Horn of Africa,15.113684,41.990874,3
e3296,11/19/2015,2015,Yemen,Horn of Africa,14.031506,42.831819,3
e3297,11/21/2015,2015,Yemen,Horn of Africa,13.82257,42.875421,3
e3298,1/15/2010,2010,Kenya,Horn of Africa,3.119606,35.599967,1
e3299,12/10/1993,1993,Eritrea,Horn of Africa,17.984048,38.916757,2
e3250,1/15/2010,2010,Kenya,Horn of Africa,3.533386,35.86091,1
e3300,4/11/1995,1995,Eritrea,Horn of Africa,16.516514,40.295748,2
e3251,4/23/1995,1995,Eritrea,Horn of Africa,16.806082,39.873909,1
e3301,1/15/2010,2010,Kenya,Horn of Africa,4.275518,35.896743,1
e3302,5/15/1995,1995,Eritrea,Horn of Africa,16.04156134,41.26154081,2
e3304,7/1/1996,1996,Eritrea,Horn of Africa,17.86991512,39.36966174,2
e3305,9/23/1996,1996,Eritrea,Horn of Africa,17.032064,39.884896,3
e3306,6/1/1997,1997,Eritrea,Horn of Africa,17.86137391,39.54048604,2
e3307,7/17/1997,1997,Eritrea,Horn of Africa,17.98949213,39.61308636,2
e3308,8/21/1999,1999,Eritrea,Horn of Africa,16.668214,40.546769,2
e3309,7/21/2005,2005,Eritrea,Horn of Africa,16.091128,39.244889,1
e3310,6/1/2007,2007,Eritrea,Horn of Africa,17.77169115,39.66860426,2
e3311,3/5/2009,2009,Eritrea,Horn of Africa,16.00739648,41.32346461,2
e3313,4/1/2012,2012,Eritrea,Horn of Africa,13.39592007,42.77760643,2
e3314,10/6/2014,2014,Yemen,Horn of Africa,16.271742,42.107256,2
e3315,11/7/2014,2014,Yemen,Horn of Africa,15.706336,42.275003,2
e3316,4/3/2016,2016,Eritrea,Horn of Africa,17.72471447,39.51486239,1
e3317,4/26/2016,2016,Eritrea,Horn of Africa,13.175863,42.970712,2
e4001,9/1/1995,1995,Tanzania,Horn of Africa,-4.83929,29.67072,2
e4003,9/27/1997,1997,Tanzania,Horn of Africa,-3.789614,30.44604,3
e4026,1/1/2002,2002,Tanzania,Horn of Africa,-7.759966,39.498714,1
e4027,3/21/2004,2004,Tanzania,Horn of Africa,-6.015354,39.454114,1
e4031,11/17/2010,2010,Tanzania,Horn of Africa,-7,31.5,1
e4032,4/19/2012,2012,Tanzania,Horn of Africa,-6.17683,39.22394,2
e4033,5/12/2012,2012,Tanzania,Horn of Africa,-8.189816,30.947127,2
e4034,12/16/2011,2011,Tanzania,Horn of Africa,-7.58333,31,2
e4035,5/15/2012,2012,Tanzania,Horn of Africa,-8.131183,30.957231,2
e4036,7/1/2012,2012,Tanzania,Horn of Africa,-7.458662,30.559605,1
e4037,12/16/2012,2012,Tanzania,Horn of Africa,-8.464239,31.143063,2
e4040,7/3/2014,2014,Tanzania,Horn of Africa,-3.789614,30.44604,2
e4041,7/1/2014,2014,Tanzania,Horn of Africa,-10.72586411,36.25175745,1
e4043,2/19/2016,2016,Tanzania,Horn of Africa,-2.027240578,31.18194427,1
e4045,6/1/2017,2017,Tanzania,Horn of Africa,-7.985407327,31.39068062,2
e4050,2/19/2014,2014,Somalia,Horn of Africa,11.353841,43.475024,2
e4054,1/1/2010,2010,Somalia,Horn of Africa,8.4105,48.4681,1
e4055,4/1/2014,2014,Somalia,Horn of Africa,11.288138,49.180277,2
e4056,6/2/2014,2014,Somalia,Horn of Africa,4.6162,51.9868,1
e4057,6/2/2014,2014,Somalia,Horn of Africa,13.2825,50.1673,2
e4058,7/22/2014,2014,Somalia,Horn of Africa,0.2199,47.2869,1
e4059,1/1/2014,2014,Somalia,Horn of Africa,0.8866,49.026,3
e4060,8/28/2014,2014,Somalia,Horn of Africa,-3.7486,42.5277,1
e4061,9/15/2014,2014,Somalia,Horn of Africa,7.5468,51.4208,1
e4062,7/1/2013,2013,Somalia,Horn of Africa,-1.6073,45.4266,2
e4065,12/16/2014,2014,Somalia,Horn of Africa,11.065571,45.64994,2
e4067,11/21/2014,2014,Somalia,Horn of Africa,2.04822,45.319368,1
e4068,2/26/2015,2015,Somalia,Horn of Africa,5.894585,48.897112,1
e4069,4/18/2010,2010,Somalia,Horn of Africa,6.3293,47.9445,3
e4070,2/28/2015,2015,Somalia,Horn of Africa,0.4259,46.3215,1
e4071,3/23/2015,2015,Somalia,Horn of Africa,5.351444,48.525694,1
e4072,3/26/2015,2015,Somalia,Horn of Africa,3.771709,47.320798,2
e4073,3/30/2015,2015,Somalia,Horn of Africa,2.033805,45.330357,1
e4076,4/10/2015,2015,Somalia,Horn of Africa,2.0317,45.3232,1
e4077,3/15/2015,2015,Somalia,Horn of Africa,5.260075,48.8232,2
e4078,4/22/2015,2015,Somalia,Horn of Africa,11.294283,49.176115,1
e4079,5/12/2015,2015,Somalia,Horn of Africa,1.8652,45.4145,2
e4080,7/13/2015,2015,Somalia,Horn of Africa,-1.882789,41.676336,1
e4081,1/1/2014,2014,Somalia,Horn of Africa,1.8652,45.4145,1
e4082,1/1/2015,2015,Somalia,Horn of Africa,11.4737,48.5463,2
e4083,1/1/2015,2015,Somalia,Horn of Africa,11.286645,51.079039,1
e4084,10/28/2015,2015,Somalia,Horn of Africa,8.40929,48.48434,1
e4085,11/1/2015,2015,Somalia,Horn of Africa,7.964904,49.844425,2
e5000,3/9/2006,2006,Kenya,Horn of Africa,-2.290435,40.867747,1
e5001,5/10/2006,2006,Kenya,Horn of Africa,-0.100337,34.275499,2
e5002,6/26/2006,2006,Kenya,Horn of Africa,-3.219186,40.116891,1
e5003,6/27/2006,2006,Kenya,Horn of Africa,-3.219186,40.116891,1
e5004,8/24/2006,2006,Kenya,Horn of Africa,-3.287445,41.89131,1
e4086,4/20/1991,1991,Yemen,Horn of Africa,16.219717,41.239422,2
e5006,6/1/1991,1991,Yemen,Horn of Africa,15.75944,41.552469,2
e5007,6/12/1992,1992,Yemen,Horn of Africa,14.790912,42.970884,2
e5008,12/30/1992,1992,Yemen,Horn of Africa,14.790912,42.970884,2
e4087,12/30/1992,1992,Yemen,Horn of Africa,14.790912,42.970884,2
e5009,11/10/1995,1995,Yemen,Horn of Africa,13.857032,42.767685,1
e5011,11/1/2009,2009,Yemen,Horn of Africa,13.590799,49.52604,3
e5012,3/23/2010,2010,Eritrea,Horn of Africa,15.71401,40.667127,2
e5013,3/15/2010,2010,Yemen,Horn of Africa,12.46342,53.823739,2
e5014,5/1/2010,2010,Yemen,Horn of Africa,12.785497,45.018655,2
e5016,5/7/2010,2010,Yemen,Horn of Africa,12.446855,52.138137,2
e5017,5/14/2010,2010,Yemen,Horn of Africa,16.30473752,42.61745865,2
e5018,5/25/2010,2010,Yemen,Horn of Africa,12.46342,53.823739,2
e5019,5/24/2010,2010,Yemen,Horn of Africa,12.46342,53.823739,2
e5021,6/25/2010,2010,Eritrea,Horn of Africa,13.94255781,42.4701227,2
e5022,6/15/2010,2010,Yemen,Horn of Africa,14.095595,42.526692,2
e5023,8/17/2010,2010,Yemen,Horn of Africa,14.803389,42.949076,2
e5024,8/28/2010,2010,Yemen,Horn of Africa,14.803389,42.949076,2
e5025,8/28/2010,2010,Yemen,Horn of Africa,16.05677538,41.42115476,2
e5026,11/4/2010,2010,Yemen,Horn of Africa,13.996881,48.184644,2
e5027,11/2/2010,2010,Yemen,Horn of Africa,16.295399,52.722005,3
e5029,10/15/2010,2010,Yemen,Horn of Africa,13.711457,50.884333,2
e5030,2/13/2011,2011,Yemen,Horn of Africa,12.46342,53.823739,2
e5031,2/17/2011,2011,Yemen,Horn of Africa,14.803389,42.949076,2
e5033,11/15/2010,2010,Yemen,Horn of Africa,12.46342,53.823739,2
e5034,5/18/2011,2011,Yemen,Horn of Africa,12.776753,47.66402,2
e5035,4/15/2012,2012,Yemen,Horn of Africa,14.272141,53.113239,2
e5036,2/1/2012,2012,Yemen,Horn of Africa,13.845213,42.736855,2
e5037,3/15/2012,2012,Yemen,Horn of Africa,13.845213,42.736855,2
e5038,5/12/2012,2012,Yemen,Horn of Africa,13.664441,51.860797,2
e5039,8/27/2012,2012,Yemen,Horn of Africa,13.151473,48.037555,1
e5040,1/1/1997,1997,Somalia,Horn of Africa,5.349722,48.526734,2
ECU_e001,5/8/2000,2000,Ecuador,South America,-0.948,-90.973,2
ECU_e003,5/15/2000,2000,Ecuador,South America,-0.949,-90.475,2
ECU_e002,6/5/2000,2000,Ecuador,South America,-3.342,-80.318,3
ECU_e004,11/15/2000,2000,Ecuador,South America,-0.742,-90.304,2
ECU_e005,3/9/2001,2001,Ecuador,South America,-0.949,-90.475,2
ECU_e006,3/22/2001,2001,Ecuador,South America,1.992,-88.431,2
ECU_e014,6/16/2001,2001,Ecuador,South America,-0.839,-87.339,2
ECU_e007,5/1/2002,2002,Ecuador,South America,-1.274,-90.487,1
ECU_e008,5/31/2002,2002,Ecuador,South America,-0.949,-90.475,2
ECU_e011,2/18/2004,2004,Ecuador,South America,-0.949,-90.475,1
ECU_e009,2/19/2004,2004,Ecuador,South America,-1.987,-81.96,2
ECU_e010,2/19/2004,2004,Ecuador,South America,-0.741,-90.306,2
ECU_e012,5/26/2004,2004,Ecuador,South America,-0.741,-90.306,2
ECU_e013,6/5/2004,2004,Ecuador,South America,-0.83,-89.411,2
ECU_e016,6/26/2004,2004,Ecuador,South America,-0.949,-90.475,2
ECU_e015,6/27/2004,2004,Ecuador,South America,-0.949,-90.475,2
ECU_e017,9/13/2004,2004,Ecuador,South America,-0.949,-90.475,2
ECU_e018,9/21/2004,2004,Ecuador,South America,-0.949,-90.475,2
ECU_e019,3/25/2005,2005,Ecuador,South America,-0.949,-90.475,1
ECU_e020,5/21/2005,2005,Ecuador,South America,1.724,-79.691,3
ECU_e022,5/31/2006,2006,Ecuador,South America,1.352,-90.395,2
ECU_e021,8/2/2006,2006,Ecuador,South America,1.463,-90.46,2
ECU_e029,6/4/2007,2007,Ecuador,South America,-0.949,-90.475,1
ECU_e023,7/30/2007,2007,Ecuador,South America,-0.949,-80.726,2
ECU_e024,7/31/2007,2007,Ecuador,South America,-0.96,-80.714,2
ECU_e025,2/28/2008,2008,Ecuador,South America,-0.949,-90.475,2
ECU_e026,6/7/2008,2008,Ecuador,South America,-0.93,-80.72,1
ECU_e027,9/1/2008,2008,Ecuador,South America,-2.970814,-80.502244,2
ECU_e028,6/17/2009,2009,Ecuador,South America,-0.949,-90.475,2
ECU_e030,1/22/2010,2010,Ecuador,South America,-2.744,-80.792,2
ECU_e031,5/15/2010,2010,Ecuador,South America,-0.949,-90.475,2
ECU_e032,5/26/2010,2010,Ecuador,South America,-0.949,-90.475,2
ECU_e033,1/14/2011,2011,Ecuador,South America,0.71,-80.51,3
ECU_e035,5/9/2011,2011,Ecuador,South America,-2.852,-81.662,2
ECU_e034,6/3/2011,2011,Ecuador,South America,-2.481,-80.76,2
ECU_e036,7/19/2011,2011,Ecuador,South America,0.232,-90.055,2
ECU_e037,9/18/2011,2011,Ecuador,South America,-3.225,-80.47,2
ECU_e038,12/20/2011,2011,Ecuador,South America,-2.726,-80.45,2
ECU_e039,1/6/2012,2012,Ecuador,South America,-2.801,-80.381,2
ECU_e040,10/13/2012,2012,Ecuador,South America,-3.153,-80.828,2
ECU_e041,12/15/2012,2012,Ecuador,South America,-3.02,-80.717,2
ECU_e042,1/31/2013,2013,Ecuador,South America,-3.262,-80.71,2
ECU_e043,2/1/2013,2013,Ecuador,South America,-3.305,-80.59,2
ECU_e044,12/12/2015,2015,Ecuador,South America,-1.066,-80.45,2
ECU_e045,3/2/2016,2016,Ecuador,South America,-3.228,-80.405,2
ECU_e046,8/13/2017,2017,Ecuador,South America,-0.837,-88.74,2
ECU_e047,8/28/2017,2017,Ecuador,South America,-0.744,-90.315,2
ECU_e048,12/22/2017,2017,Ecuador,South America,0.094,-89.939,2
ECU_e049,4/26/2019,2019,Ecuador,South America,-0.949,-90.475,2
ECU_e050,8/6/2020,2020,Ecuador,South America,2.813,-95.997,1
ECU_e051,8/14/2020,2020,Ecuador,South America,-2.211,-79.898,2
ECU_e052,12/20/2020,2020,Ecuador,South America,-2.489,-81.29,1
ECU_e056,12/21/2020,2020,Ecuador,South America,-2.731,-81.011,1
ECU_e053,11/19/2021,2021,Ecuador,South America,-3.151,-80.503,3
ECU_e054,4/20/2022,2022,Ecuador,South America,-3.163,-80.434,2
ECU_e055,8/15/2022,2022,Ecuador,South America,1.649,-96.745,2
